pagina;precio;precio_usd;descripcion
1;499.000 €;588820.0;VIVIENDA DE TRES DORMITORIOS CON ASCENSOR, PARA ENTRAR A VIVIR
1;570.000 €;672600.0;Vivienda muy luminosa de 4 dormitorios y 2 baños completos, con 2 terrazas de gran tamaño en Ribera del Manzanares
1;1.450.000 €;1711000.0;Calle de Orense, Madrid
1;395.000 €;466100.0;Calle de Tenerife, Madrid
1;239.900 €;283082.0;Magnifica Vivienda en Las Américas
1;550.000 €;649000.0;Avenida de Menéndez Pelayo, Madrid
1;246.000 €;290280.0;en Pradolongo 3 dormitorios - 2 balcones
1;375.000 €;442500.0;REDPISO COSLADA PUEBLO VENDE PISO EN VALLEAGUADO, COSLADA, MADRID
1;599.000 €;706820.0;SEXTA PLANTA EXTERIOR EN PASEO DE LAS DELICIAS
1;389.900 €;460082.0;Piso en venta en Santa Eugenia.
1;769.999 €;908598.82;REDPISO MAJADAHONDA comercializa en exclusiva este fantástico piso situado en una de las zonas más demandadas y cotizadas de Majadahonda, El Golf-Carr
1;215.000 €;253700.0;San Andrés, Madrid
2;319.000 €;376420.0;Comillas, Madrid
2;329.000 €;388220.0;🏡 Redpiso Barrio del Pilar vende en exclusiva piso exterior en Calle Melchor Fernández Almagro
2;194.900 €;229982.0;Piso en zona Batallas
2;240.000 €;283200.0;Villa de Vallecas, Madrid
2;799.000 €;942820.0;Tempranales, San Sebastián de los Reyes, Madrid
2;300.000 €;354000.0;Calle de Vital Aza, Madrid
2;339.900 €;401082.0;Excelente piso de 4 habitaciones en Simon Hernandez
2;275.000 €;324500.0;Piso en venta en zona Montserrat San Fernando de Henares.
2;1.250.000 €;1475000.0;EXCELENTE VIVIENDA CON CUATRO HABITACIONES Y DOS BAÑOS EN CALLE AZCONA
2;410.000 €;483800.0;Espectacular vivienda totalmente REFORMADA A ESTRENAR
2;209.900 €;247682.0;Piso en San Nicasio
2;228.000 €;269040.0;¡ESPECTACULAR VIVIENDA EN PLENO CENTRO DE COLLADO VILLALBA!
